<?xml version="1.0" encoding="UTF-8"?>
<document type="com.apple.InterfaceBuilder3.CocoaTouch.Storyboard.XIB" version="3.0" toolsVersion="12121" systemVersion="16F2073" targetRuntime="iOS.CocoaTouch" propertyAccessControl="none" useAutolayout="YES" useTraitCollections="YES" colorMatched="YES" initialViewController="BYZ-38-t0r">
    <device id="retina4_7" orientation="portrait">
        <adaptation id="fullscreen"/>
    </device>
    <dependencies>
        <deployment identifier="iOS"/>
        <plugIn identifier="com.apple.InterfaceBuilder.IBCocoaTouchPlugin" version="12089"/>
        <capability name="documents saved in the Xcode 8 format" minToolsVersion="8.0"/>
    </dependencies>
    <scenes>
        <!--View Controller-->
        <scene sceneID="tne-QT-ifu">
            <objects>
                <viewController id="BYZ-38-t0r" customClass="ViewController" customModule="Avis_Calculator" customModuleProvider="target" sceneMemberID="viewController">
                    <layoutGuides>
                        <viewControllerLayoutGuide type="top" id="y3c-jy-aDJ"/>
                        <viewControllerLayoutGuide type="bottom" id="wfy-db-euE"/>
                    </layoutGuides>
                    <view key="view" contentMode="scaleToFill" id="8bC-Xf-vdC">
                        <rect key="frame" x="0.0" y="0.0" width="375" height="667"/>
                        <autoresizingMask key="autoresizingMask" widthSizable="YES" heightSizable="YES"/>
                        <subviews>
                            <button opaque="NO" tag="1" contentMode="scaleToFill" fixedFrame="YES" contentHorizontalAlignment="center" contentVerticalAlignment="center" buttonType="roundedRect" lineBreakMode="middleTruncation" translatesAutoresizingMaskIntoConstraints="NO" id="0wD-gg-L0H">
                                <rect key="frame" x="11" y="482" width="80" height="80"/>
                                <autoresizingMask key="autoresizingMask" flexibleMaxX="YES" flexibleMaxY="YES"/>
                                <color key="backgroundColor" red="0.40000000600000002" green="0.40000000600000002" blue="0.40000000600000002" alpha="1" colorSpace="calibratedRGB"/>
                                <rect key="contentStretch" x="0.0" y="0.0" width="0.0" height="1"/>
                                <fontDescription key="fontDescription" name="ArialMT" family="Arial" pointSize="25"/>
                                <state key="normal" title="1">
                                    <color key="titleColor" red="0.0" green="0.0" blue="1" alpha="1" colorSpace="calibratedRGB"/>
                                </state>
                                <connections>
                                    <action selector="Digits:" destination="BYZ-38-t0r" eventType="touchUpInside" id="TjY-YM-YsQ"/>
                                </connections>
                            </button>
                            <button opaque="NO" tag="4" contentMode="scaleToFill" fixedFrame="YES" contentHorizontalAlignment="center" contentVerticalAlignment="center" buttonType="roundedRect" lineBreakMode="middleTruncation" translatesAutoresizingMaskIntoConstraints="NO" id="gN3-Xo-H3W">
                                <rect key="frame" x="11" y="391" width="80" height="80"/>
                                <autoresizingMask key="autoresizingMask" flexibleMaxX="YES" flexibleMaxY="YES"/>
                                <color key="backgroundColor" red="0.40000000600000002" green="0.40000000600000002" blue="0.40000000600000002" alpha="1" colorSpace="calibratedRGB"/>
                                <rect key="contentStretch" x="0.0" y="0.0" width="0.0" height="1"/>
                                <fontDescription key="fontDescription" name="ArialMT" family="Arial" pointSize="25"/>
                                <state key="normal" title="4">
                                    <color key="titleColor" red="0.0" green="0.0" blue="1" alpha="1" colorSpace="calibratedRGB"/>
                                </state>
                                <connections>
                                    <action selector="Digits:" destination="BYZ-38-t0r" eventType="touchUpInside" id="a82-XN-vgi"/>
                                </connections>
                            </button>
                            <button opaque="NO" tag="7" contentMode="scaleToFill" fixedFrame="YES" contentHorizontalAlignment="center" contentVerticalAlignment="center" buttonType="roundedRect" lineBreakMode="middleTruncation" translatesAutoresizingMaskIntoConstraints="NO" id="7nk-ns-LOc">
                                <rect key="frame" x="11" y="300" width="80" height="80"/>
                                <autoresizingMask key="autoresizingMask" flexibleMaxX="YES" flexibleMaxY="YES"/>
                                <color key="backgroundColor" red="0.40000000600000002" green="0.40000000600000002" blue="0.40000000600000002" alpha="1" colorSpace="calibratedRGB"/>
                                <rect key="contentStretch" x="0.0" y="0.0" width="0.0" height="1"/>
                                <fontDescription key="fontDescription" name="ArialMT" family="Arial" pointSize="25"/>
                                <state key="normal" title="7">
                                    <color key="titleColor" red="0.0" green="0.0" blue="1" alpha="1" colorSpace="calibratedRGB"/>
                                </state>
                                <connections>
                                    <action selector="Digits:" destination="BYZ-38-t0r" eventType="touchUpInside" id="mAP-Zy-YPX"/>
                                </connections>
                            </button>
                            <button opaque="NO" tag="17" contentMode="scaleToFill" fixedFrame="YES" contentHorizontalAlignment="center" contentVerticalAlignment="center" buttonType="roundedRect" lineBreakMode="middleTruncation" translatesAutoresizingMaskIntoConstraints="NO" id="jBV-2d-OEB">
                                <rect key="frame" x="11" y="209" width="262" height="80"/>
                                <autoresizingMask key="autoresizingMask" flexibleMaxX="YES" flexibleMaxY="YES"/>
                                <color key="backgroundColor" red="0.40000000600000002" green="0.40000000600000002" blue="0.40000000600000002" alpha="1" colorSpace="calibratedRGB"/>
                                <rect key="contentStretch" x="0.0" y="0.0" width="0.0" height="1"/>
                                <fontDescription key="fontDescription" name="ArialMT" family="Arial" pointSize="25"/>
                                <state key="normal" title="CE">
                                    <color key="titleColor" red="0.0" green="0.0" blue="1" alpha="1" colorSpace="calibratedRGB"/>
                                </state>
                                <connections>
                                    <action selector="Operators:" destination="BYZ-38-t0r" eventType="touchUpInside" id="oGC-a0-Gcd"/>
                                </connections>
                            </button>
                            <button opaque="NO" tag="10" contentMode="scaleToFill" fixedFrame="YES" contentHorizontalAlignment="center" contentVerticalAlignment="center" buttonType="roundedRect" lineBreakMode="middleTruncation" translatesAutoresizingMaskIntoConstraints="NO" id="WMC-Y8-alB">
                                <rect key="frame" x="11" y="573" width="80" height="80"/>
                                <autoresizingMask key="autoresizingMask" flexibleMaxX="YES" flexibleMaxY="YES"/>
                                <color key="backgroundColor" red="0.40000000600000002" green="0.40000000600000002" blue="0.40000000600000002" alpha="1" colorSpace="calibratedRGB"/>
                                <rect key="contentStretch" x="0.0" y="0.0" width="0.0" height="1"/>
                                <fontDescription key="fontDescription" name="ArialMT" family="Arial" pointSize="25"/>
                                <state key="normal" title="+/-">
                                    <color key="titleColor" red="0.0" green="0.0" blue="1" alpha="1" colorSpace="calibratedRGB"/>
                                </state>
                                <connections>
                                    <action selector="Operators:" destination="BYZ-38-t0r" eventType="touchUpInside" id="R14-AB-OxM"/>
                                </connections>
                            </button>
                            <button opaque="NO" tag="2" contentMode="scaleToFill" fixedFrame="YES" contentHorizontalAlignment="center" contentVerticalAlignment="center" buttonType="roundedRect" lineBreakMode="middleTruncation" translatesAutoresizingMaskIntoConstraints="NO" id="mcQ-iP-BG7">
                                <rect key="frame" x="102" y="482" width="80" height="80"/>
                                <autoresizingMask key="autoresizingMask" flexibleMaxX="YES" flexibleMaxY="YES"/>
                                <color key="backgroundColor" red="0.40000000600000002" green="0.40000000600000002" blue="0.40000000600000002" alpha="1" colorSpace="calibratedRGB"/>
                                <rect key="contentStretch" x="0.0" y="0.0" width="0.0" height="1"/>
                                <fontDescription key="fontDescription" name="ArialMT" family="Arial" pointSize="25"/>
                                <state key="normal" title="2">
                                    <color key="titleColor" red="0.0" green="0.0" blue="1" alpha="1" colorSpace="calibratedRGB"/>
                                </state>
                                <connections>
                                    <action selector="Digits:" destination="BYZ-38-t0r" eventType="touchUpInside" id="Nbe-nj-Wts"/>
                                </connections>
                            </button>
                            <button opaque="NO" tag="5" contentMode="scaleToFill" fixedFrame="YES" contentHorizontalAlignment="center" contentVerticalAlignment="center" buttonType="roundedRect" lineBreakMode="middleTruncation" translatesAutoresizingMaskIntoConstraints="NO" id="vN3-do-wmh">
                                <rect key="frame" x="102" y="391" width="80" height="80"/>
                                <autoresizingMask key="autoresizingMask" flexibleMaxX="YES" flexibleMaxY="YES"/>
                                <color key="backgroundColor" red="0.40000000600000002" green="0.40000000600000002" blue="0.40000000600000002" alpha="1" colorSpace="calibratedRGB"/>
                                <rect key="contentStretch" x="0.0" y="0.0" width="0.0" height="1"/>
                                <fontDescription key="fontDescription" name="ArialMT" family="Arial" pointSize="25"/>
                                <state key="normal" title="5">
                                    <color key="titleColor" red="0.0" green="0.0" blue="1" alpha="1" colorSpace="calibratedRGB"/>
                                </state>
                                <connections>
                                    <action selector="Digits:" destination="BYZ-38-t0r" eventType="touchUpInside" id="xx0-dX-2b3"/>
                                </connections>
                            </button>
                            <button opaque="NO" tag="8" contentMode="scaleToFill" fixedFrame="YES" contentHorizontalAlignment="center" contentVerticalAlignment="center" buttonType="roundedRect" lineBreakMode="middleTruncation" translatesAutoresizingMaskIntoConstraints="NO" id="QiM-XM-fyp">
                                <rect key="frame" x="102" y="300" width="80" height="80"/>
                                <autoresizingMask key="autoresizingMask" flexibleMaxX="YES" flexibleMaxY="YES"/>
                                <color key="backgroundColor" red="0.40000000600000002" green="0.40000000600000002" blue="0.40000000600000002" alpha="1" colorSpace="calibratedRGB"/>
                                <rect key="contentStretch" x="0.0" y="0.0" width="0.0" height="1"/>
                                <fontDescription key="fontDescription" name="ArialMT" family="Arial" pointSize="25"/>
                                <state key="normal" title="8">
                                    <color key="titleColor" red="0.0" green="0.0" blue="1" alpha="1" colorSpace="calibratedRGB"/>
                                </state>
                                <connections>
                                    <action selector="Digits:" destination="BYZ-38-t0r" eventType="touchUpInside" id="7yW-Vm-d0Z"/>
                                </connections>
                            </button>
                            <button opaque="NO" tag="3" contentMode="scaleToFill" fixedFrame="YES" contentHorizontalAlignment="center" contentVerticalAlignment="center" buttonType="roundedRect" lineBreakMode="middleTruncation" translatesAutoresizingMaskIntoConstraints="NO" id="ggh-T9-8rS">
                                <rect key="frame" x="193" y="482" width="80" height="80"/>
                                <autoresizingMask key="autoresizingMask" flexibleMaxX="YES" flexibleMaxY="YES"/>
                                <color key="backgroundColor" red="0.40000000600000002" green="0.40000000600000002" blue="0.40000000600000002" alpha="1" colorSpace="calibratedRGB"/>
                                <rect key="contentStretch" x="0.0" y="0.0" width="0.0" height="1"/>
                                <fontDescription key="fontDescription" name="ArialMT" family="Arial" pointSize="25"/>
                                <state key="normal" title="3">
                                    <color key="titleColor" red="0.0" green="0.0" blue="1" alpha="1" colorSpace="calibratedRGB"/>
                                </state>
                                <connections>
                                    <action selector="Digits:" destination="BYZ-38-t0r" eventType="touchUpInside" id="sEK-oW-19K"/>
                                </connections>
                            </button>
                            <button opaque="NO" tag="6" contentMode="scaleToFill" fixedFrame="YES" contentHorizontalAlignment="center" contentVerticalAlignment="center" buttonType="roundedRect" lineBreakMode="middleTruncation" translatesAutoresizingMaskIntoConstraints="NO" id="aiL-KY-foF">
                                <rect key="frame" x="193" y="391" width="80" height="80"/>
                                <autoresizingMask key="autoresizingMask" flexibleMaxX="YES" flexibleMaxY="YES"/>
                                <color key="backgroundColor" red="0.40000000600000002" green="0.40000000600000002" blue="0.40000000600000002" alpha="1" colorSpace="calibratedRGB"/>
                                <rect key="contentStretch" x="0.0" y="0.0" width="0.0" height="1"/>
                                <fontDescription key="fontDescription" name="ArialMT" family="Arial" pointSize="25"/>
                                <state key="normal" title="6">
                                    <color key="titleColor" red="0.0" green="0.0" blue="1" alpha="1" colorSpace="calibratedRGB"/>
                                </state>
                                <connections>
                                    <action selector="Digits:" destination="BYZ-38-t0r" eventType="touchUpInside" id="8Qj-YK-BYm"/>
                                </connections>
                            </button>
                            <button opaque="NO" tag="9" contentMode="scaleToFill" fixedFrame="YES" contentHorizontalAlignment="center" contentVerticalAlignment="center" buttonType="roundedRect" lineBreakMode="middleTruncation" translatesAutoresizingMaskIntoConstraints="NO" id="JUn-ve-Gp0">
                                <rect key="frame" x="193" y="300" width="80" height="80"/>
                                <autoresizingMask key="autoresizingMask" flexibleMaxX="YES" flexibleMaxY="YES"/>
                                <color key="backgroundColor" red="0.40000000600000002" green="0.40000000600000002" blue="0.40000000600000002" alpha="1" colorSpace="calibratedRGB"/>
                                <rect key="contentStretch" x="0.0" y="0.0" width="0.0" height="1"/>
                                <fontDescription key="fontDescription" name="ArialMT" family="Arial" pointSize="25"/>
                                <state key="normal" title="9">
                                    <color key="titleColor" red="0.0" green="0.0" blue="1" alpha="1" colorSpace="calibratedRGB"/>
                                </state>
                                <connections>
                                    <action selector="Digits:" destination="BYZ-38-t0r" eventType="touchUpInside" id="ilr-8L-ee4"/>
                                </connections>
                            </button>
                            <button opaque="NO" tag="16" contentMode="scaleToFill" fixedFrame="YES" contentHorizontalAlignment="center" contentVerticalAlignment="center" buttonType="roundedRect" lineBreakMode="middleTruncation" translatesAutoresizingMaskIntoConstraints="NO" id="uvc-y9-9r2">
                                <rect key="frame" x="193" y="573" width="80" height="80"/>
                                <autoresizingMask key="autoresizingMask" flexibleMaxX="YES" flexibleMaxY="YES"/>
                                <color key="backgroundColor" red="0.40000000600000002" green="0.40000000600000002" blue="0.40000000600000002" alpha="1" colorSpace="calibratedRGB"/>
                                <rect key="contentStretch" x="0.0" y="0.0" width="0.0" height="1"/>
                                <fontDescription key="fontDescription" name="ArialMT" family="Arial" pointSize="25"/>
                                <state key="normal" title=".">
                                    <color key="titleColor" red="0.0" green="0.0" blue="1" alpha="1" colorSpace="calibratedRGB"/>
                                </state>
                            </button>
                            <button opaque="NO" tag="14" contentMode="scaleToFill" fixedFrame="YES" contentHorizontalAlignment="center" contentVerticalAlignment="center" buttonType="roundedRect" lineBreakMode="middleTruncation" translatesAutoresizingMaskIntoConstraints="NO" id="SuZ-qF-vCi">
                                <rect key="frame" x="284" y="482" width="80" height="80"/>
                                <autoresizingMask key="autoresizingMask" flexibleMaxX="YES" flexibleMaxY="YES"/>
                                <color key="backgroundColor" red="0.40000000600000002" green="0.40000000600000002" blue="0.40000000600000002" alpha="1" colorSpace="calibratedRGB"/>
                                <rect key="contentStretch" x="0.0" y="0.0" width="0.0" height="1"/>
                                <fontDescription key="fontDescription" name="ArialMT" family="Arial" pointSize="25"/>
                                <state key="normal" title="/">
                                    <color key="titleColor" red="0.0" green="0.0" blue="1" alpha="1" colorSpace="calibratedRGB"/>
                                </state>
                                <connections>
                                    <action selector="Operators:" destination="BYZ-38-t0r" eventType="touchUpInside" id="U53-Ca-XAl"/>
                                </connections>
                            </button>
                            <button opaque="NO" tag="13" contentMode="scaleToFill" fixedFrame="YES" contentHorizontalAlignment="center" contentVerticalAlignment="center" buttonType="roundedRect" lineBreakMode="middleTruncation" translatesAutoresizingMaskIntoConstraints="NO" id="DfM-IS-aBM">
                                <rect key="frame" x="284" y="391" width="80" height="80"/>
                                <autoresizingMask key="autoresizingMask" flexibleMaxX="YES" flexibleMaxY="YES"/>
                                <color key="backgroundColor" red="0.40000000600000002" green="0.40000000600000002" blue="0.40000000600000002" alpha="1" colorSpace="calibratedRGB"/>
                                <rect key="contentStretch" x="0.0" y="0.0" width="0.0" height="1"/>
                                <fontDescription key="fontDescription" name="ArialMT" family="Arial" pointSize="25"/>
                                <state key="normal" title="x">
                                    <color key="titleColor" red="0.0" green="0.0" blue="1" alpha="1" colorSpace="calibratedRGB"/>
                                </state>
                                <connections>
                                    <action selector="Operators:" destination="BYZ-38-t0r" eventType="touchUpInside" id="Fji-wy-U6g"/>
                                </connections>
                            </button>
                            <button opaque="NO" tag="12" contentMode="scaleToFill" fixedFrame="YES" contentHorizontalAlignment="center" contentVerticalAlignment="center" buttonType="roundedRect" lineBreakMode="middleTruncation" translatesAutoresizingMaskIntoConstraints="NO" id="li1-kf-149">
                                <rect key="frame" x="284" y="300" width="80" height="80"/>
                                <autoresizingMask key="autoresizingMask" flexibleMaxX="YES" flexibleMaxY="YES"/>
                                <color key="backgroundColor" red="0.40000000600000002" green="0.40000000600000002" blue="0.40000000600000002" alpha="1" colorSpace="calibratedRGB"/>
                                <rect key="contentStretch" x="0.0" y="0.0" width="0.0" height="1"/>
                                <fontDescription key="fontDescription" name="ArialMT" family="Arial" pointSize="25"/>
                                <state key="normal" title="-">
                                    <color key="titleColor" red="0.0" green="0.0" blue="1" alpha="1" colorSpace="calibratedRGB"/>
                                </state>
                                <connections>
                                    <action selector="Operators:" destination="BYZ-38-t0r" eventType="touchUpInside" id="HVL-eF-vbm"/>
                                </connections>
                            </button>
                            <button opaque="NO" tag="11" contentMode="scaleToFill" fixedFrame="YES" contentHorizontalAlignment="center" contentVerticalAlignment="center" buttonType="roundedRect" lineBreakMode="middleTruncation" translatesAutoresizingMaskIntoConstraints="NO" id="tT3-dn-hV2">
                                <rect key="frame" x="284" y="209" width="80" height="80"/>
                                <autoresizingMask key="autoresizingMask" flexibleMaxX="YES" flexibleMaxY="YES"/>
                                <color key="backgroundColor" red="0.40000000600000002" green="0.40000000600000002" blue="0.40000000600000002" alpha="1" colorSpace="calibratedRGB"/>
                                <rect key="contentStretch" x="0.0" y="0.0" width="0.0" height="1"/>
                                <fontDescription key="fontDescription" name="ArialMT" family="Arial" pointSize="25"/>
                                <state key="normal" title="+">
                                    <color key="titleColor" red="0.0" green="0.0" blue="1" alpha="1" colorSpace="calibratedRGB"/>
                                </state>
                                <connections>
                                    <action selector="Operators:" destination="BYZ-38-t0r" eventType="touchUpInside" id="Ufg-4R-CfU"/>
                                </connections>
                            </button>
                            <button opaque="NO" tag="15" contentMode="scaleToFill" fixedFrame="YES" contentHorizontalAlignment="center" contentVerticalAlignment="center" buttonType="roundedRect" lineBreakMode="middleTruncation" translatesAutoresizingMaskIntoConstraints="NO" id="qM9-5f-MZt">
                                <rect key="frame" x="284" y="573" width="80" height="80"/>
                                <autoresizingMask key="autoresizingMask" flexibleMaxX="YES" flexibleMaxY="YES"/>
                                <color key="backgroundColor" red="0.40000000600000002" green="0.40000000600000002" blue="0.40000000600000002" alpha="1" colorSpace="calibratedRGB"/>
                                <rect key="contentStretch" x="0.0" y="0.0" width="0.0" height="1"/>
                                <fontDescription key="fontDescription" name="ArialMT" family="Arial" pointSize="25"/>
                                <state key="normal" title="=">
                                    <color key="titleColor" red="0.0" green="0.0" blue="1" alpha="1" colorSpace="calibratedRGB"/>
                                </state>
                                <connections>
                                    <action selector="Operators:" destination="BYZ-38-t0r" eventType="touchUpInside" id="dis-9H-hK8"/>
                                </connections>
                            </button>
                            <label opaque="NO" userInteractionEnabled="NO" contentMode="left" horizontalHuggingPriority="251" verticalHuggingPriority="251" fixedFrame="YES" text="" textAlignment="right" lineBreakMode="tailTruncation" baselineAdjustment="alignBaselines" adjustsFontSizeToFit="NO" translatesAutoresizingMaskIntoConstraints="NO" id="qLd-UN-uYn">
                                <rect key="frame" x="0.0" y="67" width="375" height="40"/>
                                <autoresizingMask key="autoresizingMask" flexibleMaxX="YES" flexibleMaxY="YES"/>
                                <color key="backgroundColor" white="0.95907595420000002" alpha="1" colorSpace="calibratedWhite"/>
                                <fontDescription key="fontDescription" name="ArialMT" family="Arial" pointSize="25"/>
                                <nil key="textColor"/>
                                <nil key="highlightedColor"/>
                            </label>
                            <button opaque="NO" contentMode="scaleToFill" fixedFrame="YES" contentHorizontalAlignment="center" contentVerticalAlignment="center" buttonType="roundedRect" lineBreakMode="middleTruncation" translatesAutoresizingMaskIntoConstraints="NO" id="sk3-0D-44j">
                                <rect key="frame" x="102" y="573" width="80" height="80"/>
                                <autoresizingMask key="autoresizingMask" flexibleMaxX="YES" flexibleMaxY="YES"/>
                                <color key="backgroundColor" red="0.40000000600000002" green="0.40000000600000002" blue="0.40000000600000002" alpha="1" colorSpace="calibratedRGB"/>
                                <rect key="contentStretch" x="0.0" y="0.0" width="0.0" height="1"/>
                                <fontDescription key="fontDescription" name="ArialMT" family="Arial" pointSize="25"/>
                                <state key="normal" title="0">
                                    <color key="titleColor" red="0.0" green="0.0" blue="1" alpha="1" colorSpace="calibratedRGB"/>
                                </state>
                                <connections>
                                    <action selector="Digits:" destination="BYZ-38-t0r" eventType="touchUpInside" id="Ggw-AB-8IR"/>
                                </connections>
                            </button>
                            <label opaque="NO" userInteractionEnabled="NO" contentMode="left" horizontalHuggingPriority="251" verticalHuggingPriority="251" fixedFrame="YES" text="" textAlignment="right" lineBreakMode="tailTruncation" baselineAdjustment="alignBaselines" adjustsFontSizeToFit="NO" translatesAutoresizingMaskIntoConstraints="NO" id="cCT-F9-SwD">
                                <rect key="frame" x="0.0" y="115" width="375" height="80"/>
                                <autoresizingMask key="autoresizingMask" flexibleMaxX="YES" flexibleMaxY="YES"/>
                                <color key="backgroundColor" white="1" alpha="1" colorSpace="calibratedWhite"/>
                                <fontDescription key="fontDescription" name="ArialMT" family="Arial" pointSize="50"/>
                                <nil key="textColor"/>
                                <nil key="highlightedColor"/>
                            </label>
                        </subviews>
                        <color key="backgroundColor" white="0.9375326236089071" alpha="1" colorSpace="calibratedWhite"/>
                    </view>
                    <connections>
                        <outlet property="ScreenOne" destination="cCT-F9-SwD" id="4wa-Jc-3m1"/>
                        <outlet property="screenOne" destination="cCT-F9-SwD" id="Nts-zW-3vo"/>
                        <outlet property="screenUp" destination="qLd-UN-uYn" id="109-k1-r9Z"/>
                    </connections>
                </viewController>
                <placeholder placeholderIdentifier="IBFirstResponder" id="dkx-z0-nzr" sceneMemberID="firstResponder"/>
            </objects>
            <point key="canvasLocation" x="24.800000000000001" y="35.532233883058474"/>
        </scene>
    </scenes>
</document>
